Name,Status,Category,Created,Created By,Last Edited Time,URL
match vs bool must match,TODO,elasticsearch,"June 1, 2021 11:29 AM",RaeCheol Park,"June 1, 2021 11:29 AM",
return stream vs Collection,TODO,java,"January 29, 2021 7:04 PM",RaeCheol Park,"January 29, 2021 7:04 PM",
Flexible date between query,NEED_DETAIL,java,"January 29, 2021 6:56 PM",RaeCheol Park,"January 29, 2021 6:56 PM",
DAO vs Repository,DONE,java,"January 29, 2021 6:46 PM",RaeCheol Park,"January 29, 2021 6:46 PM",https://www.baeldung.com/java-dao-vs-repository
Handlerinterceptor vs Webrequestinterceptor,TODO,spring-boot,"December 17, 2020 4:11 PM",RaeCheol Park,"December 17, 2020 4:11 PM",
TenantBased Routing,NEED_DETAIL,spring-boot,"December 15, 2020 5:58 PM",RaeCheol Park,"December 15, 2020 5:58 PM",
Read test resource in junit5,NEED_DETAIL,java,"November 25, 2020 3:01 PM",RaeCheol Park,"November 25, 2020 3:01 PM",
Spring Security Authentication / Authorization,DONE,spring-boot,"November 18, 2020 6:14 PM",RaeCheol Park,"November 18, 2020 6:14 PM",
Enum: How to use name() and toString() methods correctly,NEED_DETAIL,java,"November 11, 2020 1:30 PM",RaeCheol Park,"November 11, 2020 1:30 PM",
gradle JaCoCo coverage configuration,NEED_DETAIL,gradle,"November 10, 2020 6:30 PM",RaeCheol Park,"November 10, 2020 6:30 PM",
How to resolve spring security exception to ExceptionHandler,NEED_DETAIL,spring-boot,"November 2, 2020 9:26 PM",RaeCheol Park,"November 2, 2020 9:26 PM",
Reference vs Pointer,DONE,cpp,"November 2, 2020 9:11 PM",RaeCheol Park,"November 2, 2020 9:11 PM",
"When to use which STL container ",DONE,cpp,"November 2, 2020 9:10 PM",RaeCheol Park,"November 2, 2020 9:10 PM",
struct vs std::pair,DONE,cpp,"November 2, 2020 9:10 PM",RaeCheol Park,"November 2, 2020 9:10 PM",
static const vs constexpr,DONE,cpp,"November 2, 2020 9:09 PM",RaeCheol Park,"November 2, 2020 9:09 PM",
Bean vs Component,DONE,spring-boot,"November 2, 2020 9:09 PM",RaeCheol Park,"November 2, 2020 9:09 PM",
Ignore line ending using git,DONE,git,"November 2, 2020 9:08 PM",RaeCheol Park,"November 2, 2020 9:08 PM",
Git remote branch,DONE,git,"November 2, 2020 9:08 PM",RaeCheol Park,"November 2, 2020 9:08 PM",
Ignore installed vs force install,DONE,python,"November 2, 2020 9:06 PM",RaeCheol Park,"November 2, 2020 9:06 PM",
String enumeration in C++,DONE,cpp,"November 2, 2020 9:05 PM",RaeCheol Park,"November 2, 2020 9:05 PM",
"And, Or keyword in C++",DONE,cpp,"November 2, 2020 9:05 PM",RaeCheol Park,"November 2, 2020 9:05 PM",
How to get platform information in runtime in C++,DONE,cpp,"November 2, 2020 9:04 PM",RaeCheol Park,"November 2, 2020 9:04 PM",
How to make general function container in C++,DONE,cpp,"November 2, 2020 9:04 PM",RaeCheol Park,"November 2, 2020 9:04 PM",
Basic STL How to,DONE,cpp,"November 2, 2020 9:03 PM",RaeCheol Park,"November 2, 2020 9:03 PM",
Coverage information from static library,DONE,cpp,"November 2, 2020 9:02 PM",RaeCheol Park,"November 2, 2020 9:02 PM",
Short-circuit evaluation,NEED_DETAIL,cpp,"November 2, 2020 9:01 PM",RaeCheol Park,"November 2, 2020 9:01 PM",
When to use `ON UPDATE` and `ON DELETE`,DONE,sql,"November 2, 2020 8:59 PM",RaeCheol Park,"November 2, 2020 8:59 PM",
Difference between malloc and new,DONE,cpp,"November 2, 2020 8:54 PM",RaeCheol Park,"November 2, 2020 8:54 PM",
How to initialize data using @DataJpaTest,NEED_DETAIL,spring-boot,"November 2, 2020 8:52 PM",RaeCheol Park,"November 2, 2020 8:52 PM",
Vim cheat sheet,DONE,linux,"September 7, 2020 5:42 PM",RaeCheol Park,"September 7, 2020 5:42 PM",
python,NEED_DETAIL,python,"August 7, 2020 3:26 PM",RaeCheol Park,"August 7, 2020 3:26 PM",
jekyll,,,"August 7, 2020 3:26 PM",RaeCheol Park,"August 7, 2020 3:26 PM",
docker,NEED_DETAIL,docker,"August 7, 2020 3:26 PM",RaeCheol Park,"August 7, 2020 3:26 PM",
Windows,,windows,"August 7, 2020 3:26 PM",RaeCheol Park,"August 7, 2020 3:26 PM",
Seculetter task,NEED_DETAIL,seculetter,"August 7, 2020 3:26 PM",RaeCheol Park,"August 7, 2020 3:26 PM",
colab,,setting,"August 7, 2020 3:26 PM",RaeCheol Park,"August 7, 2020 3:26 PM",
Computer science,TODO,OS,"August 7, 2020 3:26 PM",RaeCheol Park,"August 7, 2020 3:26 PM",
git,,git,"August 7, 2020 3:26 PM",RaeCheol Park,"August 7, 2020 3:26 PM",
MySQL,,sql,"August 7, 2020 3:26 PM",RaeCheol Park,"August 7, 2020 3:26 PM",
etc,,,"August 7, 2020 3:26 PM",RaeCheol Park,"August 7, 2020 3:26 PM",
C++,NEED_DETAIL,cpp,"August 7, 2020 3:26 PM",RaeCheol Park,"August 7, 2020 3:26 PM",
java,NEED_DETAIL,java,"August 10, 2020 10:01 AM",RaeCheol Park,"August 10, 2020 10:01 AM",
Spring,NEED_DETAIL,java,"August 26, 2020 10:58 AM",RaeCheol Park,"August 26, 2020 10:58 AM",
Spring boot,NEED_DETAIL,spring-boot,"August 26, 2020 11:09 AM",RaeCheol Park,"August 26, 2020 11:09 AM",
SQL,NEED_DETAIL,sql,"November 2, 2020 8:59 PM",RaeCheol Park,"November 2, 2020 8:59 PM",
elasticsearch,TODO,elasticsearch,"June 1, 2021 11:27 AM",RaeCheol Park,"June 1, 2021 11:27 AM",